xsimis,74c905e5-3245-3da6-8e1a-de4c73a567b8
jachonga,c2b4a5f5-3f71-3224-8d56-af39266b9aab
angelr1996,9dfa2a28-4959-30b6-bccb-6262d76af587
gogeta909yt,54717855-8804-3e91-bff7-fc91956592d5
ivanpizza,bec77521-2e5e-3409-9049-c8450b36d3b1
thefacu04,b17559f6-436e-3b81-abf8-03315ff7daa4
lalacrit,95f3e334-f114-3c93-b48c-6aeaee462f69
killercross,eb6636c5-3ffd-361d-a105-1d3fcb94d331
juegapaco,85a91c1c-b3fb-313a-bb0e-661fce95667b
jeisonluk,20d31610-e2a3-3d3b-8f28-39e857bdd159
edugamer1115,5796d24f-9a10-3fcf-a0f7-e0036c3fa433
erike_elite,62aafeba-9f8a-375f-a919-ead56f3ddfe7
yinochiiyn,72ca74fe-207c-31f0-b334-197ce6016ce6
changobanadero,e3e6fff2-0234-3550-bf7b-aa0cc855f902
misnalgas,127ad56e-0f51-35b5-b4b6-48c0551c979d
vaqueromexr24,3e8f6527-5855-304f-8e46-7ffacdc8f662
snightk,d963bcaf-1e33-36a3-ae62-ed9569304f5a
gena,3099664b-68f6-3ab3-bc03-d0e584b8bf8a
yolo,c9f91129-30e0-3b3c-94e4-da4808b11385
seoras,333e5cfd-9df5-3392-9c54-83c7733f7359
krujo,10343965-0816-37b7-b66f-14cfa2108c5c
biotrial,bdfd90a8-1c0c-3c50-adb9-edc1847c0585
pakoo,6837337c-1d2f-303b-8934-7903ec6e6008
derfs,832cacbf-69fc-324c-a10e-785e451f534a
lousmord,037955d8-8ce2-38da-b9c3-3ab6f80dfd16
silvermanh12,a64cfb57-0653-3885-aeff-89bdf9cbddea
diego41h,079f20e1-33d1-3a39-af4b-1f2ac5778e7d
angelo1215,468078d0-68f2-3794-9e6e-4d68f2cb5c03
nooitfaalt,f5b821ef-9b90-3583-b1e2-21b5977e80d6
itheg4merkiller,b4dc81df-b5d8-38e9-a5a5-b828cb29bdc2
juanito01,d26d1f93-91a3-360e-84bd-459565632dcc
xteembo,29925db7-2add-314f-9fe9-5edb268bad21
cuentadeprueba,af571ec4-f791-39b5-b741-8aa0b990fe7f
sgiach,8e692af6-0e67-35e4-88ea-8ee75f0fce6c
mrstitch_,2c13e22e-0451-37be-959d-0e1b7f915a85
9zmeliodas,5b4f736b-286b-3a80-acf5-f24a2de715fc
jersonm_,bf5f4338-1795-39c9-b821-d944569c7b53
ciela,0acac27c-1639-3b9f-b5d3-5ac0a9e1b7c1
xxsaimersxx,27e8c1e5-c29f-3520-9bfc-56ee7e5fcc58
arielaaaa223,f721d74f-6113-3de7-b151-46ec7e302fb2
lolxxdlukas,7ed1f39f-ba89-3868-b9de-a58c2818d3e2
zekken_x,332870ee-118b-396c-9788-3b5a1eb0c670
joseponce,d3a9b123-0b95-3c0d-b6e9-917b01785ebf
khono,fa4c2007-b082-363d-b1c5-e2f94800e1e6
valbula,9a0014e3-de4f-3c0e-9143-f32c93e4e461
the_caiman,a0efdf4c-40d6-3de4-ac48-c5c79efe6763
z_ck,109e7a27-ff98-32ae-a9c7-74b82be6f610
seiku_x,4ea0e0cc-5f96-3f69-9ae9-c74595774293
jhonedwar,1bc9bfde-2bf3-3632-8107-a9a83a8c10e5
elpro_pro_yt,8b272aa4-179e-38c8-876c-f120cabbb055
pokilul,ffef5c20-90f5-3bf3-99c1-0a8c7bdc9631
